<?xml version="1.0" encoding="UTF-8"?>
<project-private xmlns="http://www.netbeans.org/ns/project-private/1">
    <editor-bookmarks xmlns="http://www.netbeans.org/ns/editor-bookmarks/2" lastBookmarkId="0"/>
    <open-files xmlns="http://www.netbeans.org/ns/projectui-open-files/2">
        <group>
            <file>file:/C:/Users/saate/Documents/NETBEANS%20PROJECTS/rentalManagement/src/rentalmanagement/client.java</file>
            <file>file:/C:/Users/saate/Documents/NETBEANS%20PROJECTS/rentalManagement/src/rentalmanagement/details.png</file>
            <file>file:/C:/Users/saate/Documents/NETBEANS%20PROJECTS/rentalManagement/src/rentalmanagement/tenantStatus.png</file>
            <file>file:/C:/Users/saate/Documents/NETBEANS%20PROJECTS/rentalManagement/src/rentalmanagement/S&amp;M.jpg</file>
            <file>file:/C:/Users/saate/Documents/NETBEANS%20PROJECTS/rentalManagement/src/rentalmanagement/Home.png</file>
            <file>file:/C:/Users/saate/Documents/NETBEANS%20PROJECTS/rentalManagement/src/rentalmanagement/Loadcomplaints.java</file>
            <file>file:/C:/Users/saate/Documents/NETBEANS%20PROJECTS/rentalManagement/src/rentalmanagement/clientHome.java</file>
            <file>file:/C:/Users/saate/Documents/NETBEANS%20PROJECTS/rentalManagement/src/rentalmanagement/contract.png</file>
            <file>file:/C:/Users/saate/Documents/NETBEANS%20PROJECTS/rentalManagement/src/rentalmanagement/Suggestions.java</file>
            <file>file:/C:/Users/saate/Documents/NETBEANS%20PROJECTS/rentalManagement/src/rentalmanagement/supervisors.png</file>
            <file>file:/C:/Users/saate/Documents/NETBEANS%20PROJECTS/rentalManagement/src/rentalmanagement/Manager.java</file>
            <file>file:/C:/Users/saate/Documents/NETBEANS%20PROJECTS/rentalManagement/src/rentalmanagement/viewComments.java</file>
            <file>file:/C:/Users/saate/Documents/NETBEANS%20PROJECTS/rentalManagement/src/rentalmanagement/home-add-512.png</file>
            <file>file:/C:/Users/saate/Documents/NETBEANS%20PROJECTS/rentalManagement/src/rentalmanagement/managerHome.java</file>
            <file>file:/C:/Users/saate/Documents/NETBEANS%20PROJECTS/rentalManagement/src/rentalmanagement/complaint.png</file>
            <file>file:/C:/Users/saate/Documents/NETBEANS%20PROJECTS/rentalManagement/src/rentalmanagement/Viewsupervisors.java</file>
            <file>file:/C:/Users/saate/Documents/NETBEANS%20PROJECTS/rentalManagement/src/rentalmanagement/assignSupervisor.java</file>
            <file>file:/C:/Users/saate/Documents/NETBEANS%20PROJECTS/rentalManagement/src/rentalmanagement/Contractlist.java</file>
            <file>file:/C:/Users/saate/Documents/NETBEANS%20PROJECTS/rentalManagement/src/rentalmanagement/UI%20logout.png</file>
            <file>file:/C:/Users/saate/Documents/NETBEANS%20PROJECTS/rentalManagement/src/rentalmanagement/staff-png-image-58876.png</file>
            <file>file:/C:/Users/saate/Documents/NETBEANS%20PROJECTS/rentalManagement/src/rentalmanagement/Base.png</file>
            <file>file:/C:/Users/saate/Documents/NETBEANS%20PROJECTS/rentalManagement/src/rentalmanagement/loginicon.png</file>
            <file>file:/C:/Users/saate/Documents/NETBEANS%20PROJECTS/rentalManagement/src/rentalmanagement/supervisorHome.java</file>
            <file>file:/C:/Users/saate/Documents/NETBEANS%20PROJECTS/rentalManagement/src/rentalmanagement/vacancy.png</file>
            <file>file:/C:/Users/saate/Documents/NETBEANS%20PROJECTS/rentalManagement/src/rentalmanagement/Supervisor.java</file>
            <file>file:/C:/Users/saate/Documents/NETBEANS%20PROJECTS/rentalManagement/src/rentalmanagement/signUp.java</file>
            <file>file:/C:/Users/saate/Documents/NETBEANS%20PROJECTS/rentalManagement/src/rentalmanagement/assignHouse.java</file>
            <file>file:/C:/Users/saate/Documents/NETBEANS%20PROJECTS/rentalManagement/src/rentalmanagement/tenantStatus.java</file>
            <file>file:/C:/Users/saate/Documents/NETBEANS%20PROJECTS/rentalManagement/src/rentalmanagement/totalProperty.java</file>
            <file>file:/C:/Users/saate/Documents/NETBEANS%20PROJECTS/rentalManagement/src/rentalmanagement/Contract.java</file>
            <file>file:/C:/Users/saate/Documents/NETBEANS%20PROJECTS/rentalManagement/src/rentalmanagement/userLogin.java</file>
        </group>
    </open-files>
</project-private>
