<?xml version="1.0" encoding="UTF-8"?>
<project-private xmlns="http://www.netbeans.org/ns/project-private/1">
    <editor-bookmarks xmlns="http://www.netbeans.org/ns/editor-bookmarks/2" lastBookmarkId="0"/>
    <open-files xmlns="http://www.netbeans.org/ns/projectui-open-files/2">
        <group>
            <file>file:/C:/Users/saate/Documents/NETBEANS%20PROJECTS/rentalManagement/src/rentalmanagement/client.java</file>
            <file>file:/C:/Users/saate/Documents/NETBEANS%20PROJECTS/rentalManagement/src/rentalmanagement/managerHome.java</file>
            <file>file:/C:/Users/saate/Documents/NETBEANS%20PROJECTS/rentalManagement/src/rentalmanagement/Viewsupervisors.java</file>
            <file>file:/C:/Users/saate/Documents/NETBEANS%20PROJECTS/rentalManagement/src/rentalmanagement/assignSupervisor.java</file>
            <file>file:/C:/Users/saate/Documents/NETBEANS%20PROJECTS/rentalManagement/src/rentalmanagement/totalProperty.java</file>
            <file>file:/C:/Users/saate/Documents/NETBEANS%20PROJECTS/rentalManagement/src/rentalmanagement/clientHome.java</file>
            <file>file:/C:/Users/saate/Documents/NETBEANS%20PROJECTS/rentalManagement/src/rentalmanagement/userLogin.java</file>
        </group>
    </open-files>
</project-private>
