<?xml version="1.0" encoding="UTF-8"?>
<project-private xmlns="http://www.netbeans.org/ns/project-private/1">
    <editor-bookmarks xmlns="http://www.netbeans.org/ns/editor-bookmarks/2" lastBookmarkId="0"/>
    <open-files xmlns="http://www.netbeans.org/ns/projectui-open-files/2">
        <group>
            <file>file:/C:/Users/EDALIA.%20M/Documents/OfficeBBIT/OOP/OOP%20Project/rentalManagement/src/rentalmanagement/contract.png</file>
            <file>file:/C:/Users/EDALIA.%20M/Documents/OfficeBBIT/OOP/OOP%20Project/rentalManagement/src/rentalmanagement/Home.png</file>
            <file>file:/C:/Users/EDALIA.%20M/Documents/OfficeBBIT/OOP/OOP%20Project/rentalManagement/src/rentalmanagement/assignHouse.java</file>
            <file>file:/C:/Users/EDALIA.%20M/Documents/OfficeBBIT/OOP/OOP%20Project/rentalManagement/src/rentalmanagement/managerHome.java</file>
            <file>file:/C:/Users/EDALIA.%20M/Documents/OfficeBBIT/OOP/OOP%20Project/rentalManagement/src/rentalmanagement/clientHome.java</file>
            <file>file:/C:/Users/EDALIA.%20M/Documents/OfficeBBIT/OOP/OOP%20Project/rentalManagement/src/rentalmanagement/complaint_Suggestion.java</file>
            <file>file:/C:/Users/EDALIA.%20M/Documents/OfficeBBIT/OOP/OOP%20Project/rentalManagement/src/rentalmanagement/userLogin.java</file>
            <file>file:/C:/Users/EDALIA.%20M/Documents/OfficeBBIT/OOP/OOP%20Project/rentalManagement/src/rentalmanagement/loadSuggestions.java</file>
            <file>file:/C:/Users/EDALIA.%20M/Documents/OfficeBBIT/OOP/OOP%20Project/rentalManagement/src/rentalmanagement/clientAccount.java</file>
            <file>file:/C:/Users/EDALIA.%20M/Documents/OfficeBBIT/OOP/OOP%20Project/rentalManagement/src/rentalmanagement/addHouse.java</file>
            <file>file:/C:/Users/EDALIA.%20M/Documents/OfficeBBIT/OOP/OOP%20Project/rentalManagement/src/rentalmanagement/UI%20logout.png</file>
            <file>file:/C:/Users/EDALIA.%20M/Documents/OfficeBBIT/OOP/OOP%20Project/rentalManagement/src/rentalmanagement/supervisorHome.java</file>
            <file>file:/C:/Users/EDALIA.%20M/Documents/OfficeBBIT/OOP/OOP%20Project/rentalManagement/src/rentalmanagement/tenantStatus.png</file>
            <file>file:/C:/Users/EDALIA.%20M/Documents/OfficeBBIT/OOP/OOP%20Project/rentalManagement/src/rentalmanagement/Contract.java</file>
            <file>file:/C:/Users/EDALIA.%20M/Documents/OfficeBBIT/OOP/OOP%20Project/rentalManagement/src/rentalmanagement/signUp.java</file>
            <file>file:/C:/Users/EDALIA.%20M/Documents/OfficeBBIT/OOP/OOP%20Project/rentalManagement/src/rentalmanagement/Base.png</file>
            <file>file:/C:/Users/EDALIA.%20M/Documents/OfficeBBIT/OOP/OOP%20Project/rentalManagement/src/rentalmanagement/complaint.png</file>
            <file>file:/C:/Users/EDALIA.%20M/Documents/OfficeBBIT/OOP/OOP%20Project/rentalManagement/src/rentalmanagement/tenantStatus.java</file>
            <file>file:/C:/Users/EDALIA.%20M/Documents/OfficeBBIT/OOP/OOP%20Project/rentalManagement/src/rentalmanagement/vacancy.png</file>
            <file>file:/C:/Users/EDALIA.%20M/Documents/OfficeBBIT/OOP/OOP%20Project/rentalManagement/src/rentalmanagement/supervisorAccount.java</file>
        </group>
    </open-files>
</project-private>
